<?xml version="1.0" encoding="UTF-8"?>
<!-- Product Version: Vivado v2017.3 (64-bit)                     -->
<!--                                                              -->
<!-- Copyright 1986-2017 Xilinx, Inc. All Rights Reserved.        -->

<hwsession version="1" minor="2">
  <device name="xc7a35t_0" gui_info=""/>
  <ObjectList object_type="hw_cfgmem" gui_info="">
    <Object name="" gui_info="">
      <Properties Property="PROGRAM.ADDRESS_RANGE" value="use_file"/>
      <Properties Property="PROGRAM.BLANK_CHECK" value="0"/>
      <Properties Property="PROGRAM.CFG_PROGRAM" value="1"/>
      <Properties Property="PROGRAM.CHECKSUM" value="0"/>
      <Properties Property="PROGRAM.ERASE" value="1"/>
      <Properties Property="PROGRAM.FILES" value="$_project_name_.runs/impl_1/$_project_name__wrapper.bin"/>
      <Properties Property="PROGRAM.PRM_FILE" value=""/>
      <Properties Property="PROGRAM.UNUSED_PIN_TERMINATION" value="pull-none"/>
      <Properties Property="PROGRAM.VERIFY" value="1"/>
    </Object>
  </ObjectList>
  <ObjectList object_type="hw_device" gui_info="">
    <Object name="xc7a35t_0" gui_info="">
      <Properties Property="FULL_PROBES.FILE" value=""/>
      <Properties Property="PROBES.FILE" value=""/>
      <Properties Property="PROGRAM.HW_BITSTREAM" value="$_project_name_.runs/impl_1/$_project_name__wrapper.bit"/>
      <Properties Property="PROGRAM.HW_CFGMEM_PART" value="n25q64-3.3v-spi-x1_x2_x4"/>
      <Properties Property="SLR.COUNT" value="1"/>
    </Object>
  </ObjectList>
  <ObjectList object_type="hw_ila" gui_info="">
    <Object name="" gui_info="">
      <Properties Property="CONTROL.TRIGGER_CONDITION" value="AND"/>
      <Properties Property="CORE_REFRESH_RATE_MS" value="500"/>
    </Object>
    <Object name="u_ila_0" gui_info="">
      <Properties Property="CONTROL.TRIGGER_CONDITION" value="AND"/>
      <Properties Property="CORE_REFRESH_RATE_MS" value="500"/>
    </Object>
  </ObjectList>
  <probeset name="hw project" active="false">
    <probe type="ila" busType="net" source="netlist" spec="ILA_V2_RT">
      <probeOptions Id="DebugProbeParams">
        <Option Id="CAPTURE_COMPARE_VALUE" value="eq3&apos;hX"/>
        <Option Id="COMPARE_VALUE.0" value="eq3&apos;hX"/>
        <Option Id="DISPLAY_HINT" value=""/>
        <Option Id="DISPLAY_VISIBILITY" value=""/>
        <Option Id="HW_ILA" value="hw_ila_1"/>
        <Option Id="LINK_TO_WAVEFORM" value="1"/>
        <Option Id="MAP" value="probe0[2:0]"/>
        <Option Id="NAME.CUSTOM" value=""/>
        <Option Id="NAME.SELECT" value="Long"/>
        <Option Id="SOURCE" value="netlist"/>
        <Option Id="TRIGGER_COMPARE_VALUE" value="eq3&apos;hX"/>
      </probeOptions>
      <nets>
        <net name="system_i/send_ad_gpio2_io_o[2]"/>
        <net name="system_i/send_ad_gpio2_io_o[1]"/>
        <net name="system_i/send_ad_gpio2_io_o[0]"/>
      </nets>
    </probe>
    <probe type="ila" busType="net" source="netlist" spec="ILA_V2_RT">
      <probeOptions Id="DebugProbeParams">
        <Option Id="CAPTURE_COMPARE_VALUE" value="eq24&apos;hXX_XXXX"/>
        <Option Id="COMPARE_VALUE.0" value="eq24&apos;hXX_XXXX"/>
        <Option Id="DISPLAY_HINT" value=""/>
        <Option Id="DISPLAY_VISIBILITY" value=""/>
        <Option Id="HW_ILA" value="hw_ila_1"/>
        <Option Id="LINK_TO_WAVEFORM" value="1"/>
        <Option Id="MAP" value="probe0[23:0]"/>
        <Option Id="NAME.CUSTOM" value=""/>
        <Option Id="NAME.SELECT" value="Long"/>
        <Option Id="SOURCE" value="netlist"/>
        <Option Id="TRIGGER_COMPARE_VALUE" value="eq24&apos;hXX_XXXX"/>
      </probeOptions>
      <nets>
        <net name="system_i/send_time_gpio_io_o[23]"/>
        <net name="system_i/send_time_gpio_io_o[22]"/>
        <net name="system_i/send_time_gpio_io_o[21]"/>
        <net name="system_i/send_time_gpio_io_o[20]"/>
        <net name="system_i/send_time_gpio_io_o[19]"/>
        <net name="system_i/send_time_gpio_io_o[18]"/>
        <net name="system_i/send_time_gpio_io_o[17]"/>
        <net name="system_i/send_time_gpio_io_o[16]"/>
        <net name="system_i/send_time_gpio_io_o[15]"/>
        <net name="system_i/send_time_gpio_io_o[14]"/>
        <net name="system_i/send_time_gpio_io_o[13]"/>
        <net name="system_i/send_time_gpio_io_o[12]"/>
        <net name="system_i/send_time_gpio_io_o[11]"/>
        <net name="system_i/send_time_gpio_io_o[10]"/>
        <net name="system_i/send_time_gpio_io_o[9]"/>
        <net name="system_i/send_time_gpio_io_o[8]"/>
        <net name="system_i/send_time_gpio_io_o[7]"/>
        <net name="system_i/send_time_gpio_io_o[6]"/>
        <net name="system_i/send_time_gpio_io_o[5]"/>
        <net name="system_i/send_time_gpio_io_o[4]"/>
        <net name="system_i/send_time_gpio_io_o[3]"/>
        <net name="system_i/send_time_gpio_io_o[2]"/>
        <net name="system_i/send_time_gpio_io_o[1]"/>
        <net name="system_i/send_time_gpio_io_o[0]"/>
      </nets>
    </probe>
  </probeset>
</hwsession>
