<?xml version="1.0"?>
<Runs Version="1" Minor="0">
	<Run Id="dist_mem_gen_0_synth_1" LaunchDir="C:/Users/Administrator/Desktop/screen_sterring/screen_sterring/screen_sterring.runs/dist_mem_gen_0_synth_1" FlowId="Vivado_Synthesis" FromStepId="vivado" ToStepId="vivado"/>
	<Run Id="synth_1" LaunchDir="C:/Users/Administrator/Desktop/screen_sterring/screen_sterring/screen_sterring.runs/synth_1" FlowId="Vivado_Synthesis" FromStepId="vivado" ToStepId="vivado">
		<Parent Id="dist_mem_gen_0_synth_1"/>
	</Run>
	<Run Id="impl_1" LaunchDir="C:/Users/Administrator/Desktop/screen_sterring/screen_sterring/screen_sterring.runs/impl_1" FlowId="Vivado_Implementation" FromStepId="init_design" ToStepId="write_bitstream">
		<Parent Id="synth_1"/>
		<Parent Id="dist_mem_gen_0_synth_1"/>
	</Run>
</Runs>

