<?xml version="1.0"?>
<Runs Version="1" Minor="0">
	<Run Id="system_clk_wiz_0_0_synth_1" LaunchDir="C:/Users/lenovo/Desktop/system/system.runs/system_clk_wiz_0_0_synth_1" FlowId="Vivado_Synthesis" FromStepId="vivado" ToStepId="vivado"/>
	<Run Id="system_ad_0_0_synth_1" LaunchDir="C:/Users/lenovo/Desktop/system/system.runs/system_ad_0_0_synth_1" FlowId="Vivado_Synthesis" FromStepId="vivado" ToStepId="vivado"/>
	<Run Id="system_max_min_0_0_synth_1" LaunchDir="C:/Users/lenovo/Desktop/system/system.runs/system_max_min_0_0_synth_1" FlowId="Vivado_Synthesis" FromStepId="vivado" ToStepId="vivado"/>
	<Run Id="system_microblaze_0_0_synth_1" LaunchDir="C:/Users/lenovo/Desktop/system/system.runs/system_microblaze_0_0_synth_1" FlowId="Vivado_Synthesis" FromStepId="vivado" ToStepId="vivado"/>
	<Run Id="system_axi_gpio_0_0_synth_1" LaunchDir="C:/Users/lenovo/Desktop/system/system.runs/system_axi_gpio_0_0_synth_1" FlowId="Vivado_Synthesis" FromStepId="vivado" ToStepId="vivado"/>
	<Run Id="system_mdm_1_0_synth_1" LaunchDir="C:/Users/lenovo/Desktop/system/system.runs/system_mdm_1_0_synth_1" FlowId="Vivado_Synthesis" FromStepId="vivado" ToStepId="vivado"/>
	<Run Id="system_rst_clk_wiz_0_100M_0_synth_1" LaunchDir="C:/Users/lenovo/Desktop/system/system.runs/system_rst_clk_wiz_0_100M_0_synth_1" FlowId="Vivado_Synthesis" FromStepId="vivado" ToStepId="vivado"/>
	<Run Id="system_dlmb_v10_0_synth_1" LaunchDir="C:/Users/lenovo/Desktop/system/system.runs/system_dlmb_v10_0_synth_1" FlowId="Vivado_Synthesis" FromStepId="vivado" ToStepId="vivado"/>
	<Run Id="system_ilmb_v10_0_synth_1" LaunchDir="C:/Users/lenovo/Desktop/system/system.runs/system_ilmb_v10_0_synth_1" FlowId="Vivado_Synthesis" FromStepId="vivado" ToStepId="vivado" IsOrderedIPRun="true">
		<Parent Id="system_dlmb_v10_0_synth_1"/>
	</Run>
	<Run Id="system_dlmb_bram_if_cntlr_0_synth_1" LaunchDir="C:/Users/lenovo/Desktop/system/system.runs/system_dlmb_bram_if_cntlr_0_synth_1" FlowId="Vivado_Synthesis" FromStepId="vivado" ToStepId="vivado"/>
	<Run Id="system_ilmb_bram_if_cntlr_0_synth_1" LaunchDir="C:/Users/lenovo/Desktop/system/system.runs/system_ilmb_bram_if_cntlr_0_synth_1" FlowId="Vivado_Synthesis" FromStepId="vivado" ToStepId="vivado"/>
	<Run Id="system_lmb_bram_0_synth_1" LaunchDir="C:/Users/lenovo/Desktop/system/system.runs/system_lmb_bram_0_synth_1" FlowId="Vivado_Synthesis" FromStepId="vivado" ToStepId="vivado"/>
</Runs>

