<?xml version="1.0"?>
<Runs Version="1" Minor="0">
	<Run Id="system_blk_mem_gen_1_0_synth_1" LaunchDir="G:/xillinx_fpga/system/system.runs/system_blk_mem_gen_1_0_synth_1" FlowId="Vivado_Synthesis" FromStepId="vivado" ToStepId="vivado"/>
	<Run Id="system_blk_mem_gen_4_0_synth_1" LaunchDir="G:/xillinx_fpga/system/system.runs/system_blk_mem_gen_4_0_synth_1" FlowId="Vivado_Synthesis" FromStepId="vivado" ToStepId="vivado"/>
	<Run Id="system_blk_mem_gen_5_0_synth_1" LaunchDir="G:/xillinx_fpga/system/system.runs/system_blk_mem_gen_5_0_synth_1" FlowId="Vivado_Synthesis" FromStepId="vivado" ToStepId="vivado"/>
	<Run Id="system_blk_mem_gen_6_0_synth_1" LaunchDir="G:/xillinx_fpga/system/system.runs/system_blk_mem_gen_6_0_synth_1" FlowId="Vivado_Synthesis" FromStepId="vivado" ToStepId="vivado"/>
	<Run Id="impl_1" LaunchDir="G:/xillinx_fpga/system/system.runs/impl_1" FlowId="Vivado_Implementation" FromStepId="init_design" ToStepId="write_bitstream">
		<Parent Id="system_blk_mem_gen_1_0_synth_1"/>
		<Parent Id="system_blk_mem_gen_4_0_synth_1"/>
		<Parent Id="system_blk_mem_gen_5_0_synth_1"/>
		<Parent Id="system_blk_mem_gen_6_0_synth_1"/>
	</Run>
</Runs>

