<?xml version="1.0"?>
<Runs Version="1" Minor="0">
	<Run Id="system_xbar_0_synth_1" LaunchDir="C:/Users/lenovo/Desktop/system/system.runs/system_xbar_0_synth_1" FlowId="Vivado_Synthesis" FromStepId="vivado" ToStepId="vivado"/>
	<Run Id="system_ad_0_0_synth_1" LaunchDir="C:/Users/lenovo/Desktop/system/system.runs/system_ad_0_0_synth_1" FlowId="Vivado_Synthesis" FromStepId="vivado" ToStepId="vivado"/>
	<Run Id="system_blk_mem_gen_0_0_synth_1" LaunchDir="C:/Users/lenovo/Desktop/system/system.runs/system_blk_mem_gen_0_0_synth_1" FlowId="Vivado_Synthesis" FromStepId="vivado" ToStepId="vivado"/>
	<Run Id="system_vga_0_0_synth_1" LaunchDir="C:/Users/lenovo/Desktop/system/system.runs/system_vga_0_0_synth_1" FlowId="Vivado_Synthesis" FromStepId="vivado" ToStepId="vivado"/>
	<Run Id="synth_1" LaunchDir="C:/Users/lenovo/Desktop/system/system.runs/synth_1" FlowId="Vivado_Synthesis" FromStepId="vivado" ToStepId="vivado">
		<Parent Id="system_xbar_0_synth_1"/>
		<Parent Id="system_ad_0_0_synth_1"/>
		<Parent Id="system_blk_mem_gen_0_0_synth_1"/>
		<Parent Id="system_vga_0_0_synth_1"/>
	</Run>
</Runs>

