<?xml version="1.0"?>
<Runs Version="1" Minor="0">
	<Run Id="system_clk_wiz_0_0_synth_1" LaunchDir="C:/Users/lenovo/Desktop/system/system.runs/system_clk_wiz_0_0_synth_1" FlowId="Vivado_Synthesis" FromStepId="vivado" ToStepId="vivado"/>
	<Run Id="system_AD_transform_0_0_synth_1" LaunchDir="C:/Users/lenovo/Desktop/system/system.runs/system_AD_transform_0_0_synth_1" FlowId="Vivado_Synthesis" FromStepId="vivado" ToStepId="vivado"/>
	<Run Id="system_fenpin_0_0_synth_1" LaunchDir="C:/Users/lenovo/Desktop/system/system.runs/system_fenpin_0_0_synth_1" FlowId="Vivado_Synthesis" FromStepId="vivado" ToStepId="vivado"/>
	<Run Id="synth_1" LaunchDir="C:/Users/lenovo/Desktop/system/system.runs/synth_1" FlowId="Vivado_Synthesis" FromStepId="vivado" ToStepId="vivado">
		<Parent Id="system_clk_wiz_0_0_synth_1"/>
		<Parent Id="system_AD_transform_0_0_synth_1"/>
		<Parent Id="system_fenpin_0_0_synth_1"/>
	</Run>
</Runs>

