<?xml version="1.0" encoding="UTF-8"?>
<GenRun Id="impl_1" LaunchPart="xc7a35tcsg324-1" LaunchTime="1514604428">
  <File Type="ROUTE-PWR" Name="top_screen_sterring_power_routed.rpt"/>
  <File Type="PA-TCL" Name="top_screen_sterring.tcl"/>
  <File Type="PWROPT-DCP" Name="top_screen_sterring_pwropt.dcp"/>
  <File Type="ROUTE-PWR-SUM" Name="screen_sterring_power_summary_routed.pb"/>
  <File Type="REPORTS-TCL" Name="top_screen_sterring_reports.tcl"/>
  <File Type="BG-DRC" Name="top_screen_sterring.drc"/>
  <File Type="OPT-HWDEF" Name="top_screen_sterring.hwdef"/>
  <File Type="OPT-DCP" Name="top_screen_sterring_opt.dcp"/>
  <File Type="OPT-DRC" Name="top_screen_sterring_drc_opted.rpt"/>
  <File Type="PLACE-DCP" Name="top_screen_sterring_placed.dcp"/>
  <File Type="PLACE-IO" Name="top_screen_sterring_io_placed.rpt"/>
  <File Type="PLACE-UTIL" Name="top_screen_sterring_utilization_placed.rpt"/>
  <File Type="PLACE-UTIL-PB" Name="screen_sterring_utilization_placed.pb"/>
  <File Type="PLACE-CTRL" Name="top_screen_sterring_control_sets_placed.rpt"/>
  <File Type="PLACE-PRE-SIMILARITY" Name="top_screen_sterring_incremental_reuse_pre_placed.rpt"/>
  <File Type="POSTPLACE-PWROPT-DCP" Name="top_screen_sterring_postplace_pwropt.dcp"/>
  <File Type="PHYSOPT-DCP" Name="top_screen_sterring_physopt.dcp"/>
  <File Type="BG-BIT" Name="top_screen_sterring.bit"/>
  <File Type="ROUTE-ERROR-DCP" Name="top_screen_sterring_routed_error.dcp"/>
  <File Type="ROUTE-DCP" Name="top_screen_sterring_routed.dcp"/>
  <File Type="ROUTE-BLACKBOX-DCP" Name="top_screen_sterring_routed_bb.dcp"/>
  <File Type="ROUTE-DRC" Name="top_screen_sterring_drc_routed.rpt"/>
  <File Type="ROUTE-DRC-PB" Name="screen_sterring_drc_routed.pb"/>
  <File Type="ROUTE-DRC-RPX" Name="screen_sterring_drc_routed.rpx"/>
  <File Type="BITSTR-MSK" Name="top_screen_sterring.msk"/>
  <File Type="ROUTE-METHODOLOGY-DRC" Name="top_screen_sterring_methodology_drc_routed.rpt"/>
  <File Type="BG-BGN" Name="top_screen_sterring.bgn"/>
  <File Type="ROUTE-METHODOLOGY-DRC-RPX" Name="screen_sterring_methodology_drc_routed.rpx"/>
  <File Type="BITSTR-RBT" Name="top_screen_sterring.rbt"/>
  <File Type="ROUTE-METHODOLOGY-DRC-PB" Name="screen_sterring_methodology_drc_routed.pb"/>
  <File Type="BG-BIN" Name="top_screen_sterring.bin"/>
  <File Type="ROUTE-PWR-RPX" Name="screen_sterring_power_routed.rpx"/>
  <File Type="ROUTE-STATUS" Name="top_screen_sterring_route_status.rpt"/>
  <File Type="ROUTE-STATUS-PB" Name="screen_sterring_route_status.pb"/>
  <File Type="ROUTE-TIMINGSUMMARY" Name="top_screen_sterring_timing_summary_routed.rpt"/>
  <File Type="ROUTE-TIMING-PB" Name="top_screen_sterring_timing_summary_routed.pb"/>
  <File Type="ROUTE-TIMING-RPX" Name="screen_sterring_timing_summary_routed.rpx"/>
  <File Type="ROUTE-CLK" Name="top_screen_sterring_clock_utilization_routed.rpt"/>
  <File Type="RDI-RDI" Name="top_screen_sterring.vdi"/>
  <File Type="POSTROUTE-PHYSOPT-DCP" Name="top_screen_sterring_postroute_physopt.dcp"/>
  <File Type="POSTROUTE-PHYSOPT-BLACKBOX-DCP" Name="top_screen_sterring_postroute_physopt_bb.dcp"/>
  <File Type="BITSTR-NKY" Name="top_screen_sterring.nky"/>
  <File Type="BITSTR-BMM" Name="top_screen_sterring_bd.bmm"/>
  <File Type="BITSTR-MMI" Name="top_screen_sterring.mmi"/>
  <File Type="BITSTR-LTX" Name="top_screen_sterring.ltx"/>
  <File Type="BITSTR-SYSDEF" Name="top_screen_sterring.sysdef"/>
  <File Type="WBT-USG" Name="usage_statistics_webtalk.html"/>
  <FileSet Name="sources" Type="DesignSrcs" RelSrcDir="$PSRCDIR/sources_1">
    <Filter Type="Srcs"/>
    <File Path="$PPRDIR/../UART_tx_steer.v">
      <FileInfo>
        <Attr Name="UsedIn" Val="synthesis"/>
        <Attr Name="UsedIn" Val="implementation"/>
        <Attr Name="UsedIn" Val="simulation"/>
      </FileInfo>
    </File>
    <File Path="$PPRDIR/../voice/VOICE.v">
      <FileInfo>
        <Attr Name="UsedIn" Val="synthesis"/>
        <Attr Name="UsedIn" Val="implementation"/>
        <Attr Name="UsedIn" Val="simulation"/>
      </FileInfo>
    </File>
    <File Path="$PPRDIR/../baud_clk.v">
      <FileInfo>
        <Attr Name="UsedIn" Val="synthesis"/>
        <Attr Name="UsedIn" Val="implementation"/>
        <Attr Name="UsedIn" Val="simulation"/>
      </FileInfo>
    </File>
    <File Path="$PPRDIR/../clk_100MHZ_div.v">
      <FileInfo>
        <Attr Name="UsedIn" Val="synthesis"/>
        <Attr Name="UsedIn" Val="implementation"/>
        <Attr Name="UsedIn" Val="simulation"/>
      </FileInfo>
    </File>
    <File Path="$PPRDIR/../voice/clk_bps.v">
      <FileInfo>
        <Attr Name="UsedIn" Val="synthesis"/>
        <Attr Name="UsedIn" Val="implementation"/>
        <Attr Name="UsedIn" Val="simulation"/>
      </FileInfo>
    </File>
    <File Path="$PPRDIR/../clk_bps_screen.v">
      <FileInfo>
        <Attr Name="UsedIn" Val="synthesis"/>
        <Attr Name="UsedIn" Val="implementation"/>
        <Attr Name="UsedIn" Val="simulation"/>
      </FileInfo>
    </File>
    <File Path="$PPRDIR/../constrcution_sel.v">
      <FileInfo>
        <Attr Name="UsedIn" Val="synthesis"/>
        <Attr Name="UsedIn" Val="implementation"/>
        <Attr Name="UsedIn" Val="simulation"/>
      </FileInfo>
    </File>
    <File Path="$PPRDIR/../voice/decomposes.v">
      <FileInfo>
        <Attr Name="UsedIn" Val="synthesis"/>
        <Attr Name="UsedIn" Val="implementation"/>
        <Attr Name="UsedIn" Val="simulation"/>
      </FileInfo>
    </File>
    <File Path="$PPRDIR/../voice/input_sel.v">
      <FileInfo>
        <Attr Name="UsedIn" Val="synthesis"/>
        <Attr Name="UsedIn" Val="implementation"/>
        <Attr Name="UsedIn" Val="simulation"/>
      </FileInfo>
    </File>
    <File Path="$PPRDIR/../voice/queueing.v">
      <FileInfo>
        <Attr Name="UsedIn" Val="synthesis"/>
        <Attr Name="UsedIn" Val="implementation"/>
        <Attr Name="UsedIn" Val="simulation"/>
      </FileInfo>
    </File>
    <File Path="$PPRDIR/../register_screen.v">
      <FileInfo>
        <Attr Name="UsedIn" Val="synthesis"/>
        <Attr Name="UsedIn" Val="implementation"/>
        <Attr Name="UsedIn" Val="simulation"/>
      </FileInfo>
    </File>
    <File Path="$PPRDIR/../screen.v">
      <FileInfo>
        <Attr Name="UsedIn" Val="synthesis"/>
        <Attr Name="UsedIn" Val="implementation"/>
        <Attr Name="UsedIn" Val="simulation"/>
      </FileInfo>
    </File>
    <File Path="$PPRDIR/screen_sterring.v">
      <FileInfo>
        <Attr Name="UsedIn" Val="synthesis"/>
        <Attr Name="UsedIn" Val="implementation"/>
        <Attr Name="UsedIn" Val="simulation"/>
      </FileInfo>
    </File>
    <File Path="$PPRDIR/../voice/select.v">
      <FileInfo>
        <Attr Name="UsedIn" Val="synthesis"/>
        <Attr Name="UsedIn" Val="implementation"/>
        <Attr Name="UsedIn" Val="simulation"/>
      </FileInfo>
    </File>
    <File Path="$PPRDIR/../selects_screen.v">
      <FileInfo>
        <Attr Name="UsedIn" Val="synthesis"/>
        <Attr Name="UsedIn" Val="implementation"/>
        <Attr Name="UsedIn" Val="simulation"/>
      </FileInfo>
    </File>
    <File Path="$PPRDIR/../text.v">
      <FileInfo>
        <Attr Name="UsedIn" Val="synthesis"/>
        <Attr Name="UsedIn" Val="implementation"/>
        <Attr Name="UsedIn" Val="simulation"/>
      </FileInfo>
    </File>
    <File Path="$PPRDIR/../uart_rx_screen.v">
      <FileInfo>
        <Attr Name="UsedIn" Val="synthesis"/>
        <Attr Name="UsedIn" Val="implementation"/>
        <Attr Name="UsedIn" Val="simulation"/>
      </FileInfo>
    </File>
    <File Path="$PPRDIR/../uart_sterring.v">
      <FileInfo>
        <Attr Name="UsedIn" Val="synthesis"/>
        <Attr Name="UsedIn" Val="implementation"/>
        <Attr Name="UsedIn" Val="simulation"/>
      </FileInfo>
    </File>
    <File Path="$PPRDIR/../voice/uart_tx.v">
      <FileInfo>
        <Attr Name="UsedIn" Val="synthesis"/>
        <Attr Name="UsedIn" Val="implementation"/>
        <Attr Name="UsedIn" Val="simulation"/>
      </FileInfo>
    </File>
    <File Path="$PPRDIR/../top_screen_sterring.v">
      <FileInfo>
        <Attr Name="UsedIn" Val="synthesis"/>
        <Attr Name="UsedIn" Val="implementation"/>
        <Attr Name="UsedIn" Val="simulation"/>
      </FileInfo>
    </File>
    <File Path="$PPRDIR/../construction.coe">
      <FileInfo>
        <Attr Name="UsedIn" Val="synthesis"/>
        <Attr Name="UsedIn" Val="simulation"/>
      </FileInfo>
    </File>
    <File Path="$PPRDIR/../f_construction.coe">
      <FileInfo>
        <Attr Name="UsedIn" Val="synthesis"/>
        <Attr Name="UsedIn" Val="simulation"/>
      </FileInfo>
    </File>
    <Config>
      <Option Name="DesignMode" Val="RTL"/>
      <Option Name="TopModule" Val="top_screen_sterring"/>
    </Config>
  </FileSet>
  <FileSet Name="constrs_in" Type="Constrs" RelSrcDir="$PSRCDIR/constrs_1">
    <Filter Type="Constrs"/>
    <File Path="$PSRCDIR/constrs_1/new/screen_sterring.xdc">
      <FileInfo>
        <Attr Name="UsedIn" Val="synthesis"/>
        <Attr Name="UsedIn" Val="implementation"/>
      </FileInfo>
    </File>
    <Config>
      <Option Name="TargetConstrsFile" Val="$PSRCDIR/constrs_1/new/screen_sterring.xdc"/>
      <Option Name="ConstrsType" Val="XDC"/>
    </Config>
  </FileSet>
  <Strategy Version="1" Minor="2">
    <StratHandle Name="Vivado Implementation Defaults" Flow="Vivado Implementation 2017"/>
    <Step Id="init_design"/>
    <Step Id="opt_design"/>
    <Step Id="power_opt_design"/>
    <Step Id="place_design"/>
    <Step Id="post_place_power_opt_design"/>
    <Step Id="phys_opt_design"/>
    <Step Id="route_design"/>
    <Step Id="post_route_phys_opt_design"/>
    <Step Id="write_bitstream">
      <Option Id="BinFile">1</Option>
    </Step>
  </Strategy>
  <BlockFileSet Type="BlockSrcs" Name="dist_mem_gen_0"/>
</GenRun>
